[
    {
	
        "type": "ماهي عاصمة الكويت",
        "answers": ["مدينة الكويت"]
    },
    {
	        "type": "ماهي عصامة السعودية",
        "answers": ["الرياض"]
    },
    {
	        "type": "ماهي عاصمة الهند",
        "answers": ["نيودلهي"]
    },
    {
	        "type": "ماهي عاصمة استراليا",
        "answers": ["كانبرا"]
    },
    {
	        "type": "ماهي عاصمة الفلبين",
        "answers": ["مانيلا"]
    },
    {
	        "type": "ماهي عاصمة البرازيل",
        "answers": ["برازيليا"]
    },
    {
	        "type": "ماهي عاصمة كندا",
        "answers": ["أوتاوا"]
    },
    {
	        "type": "ماهي عاصمة البرتغال",
        "answers": ["لشبونة"]
    },
    {

	        "type": "ماهي عاصمة مصر",
        "answers": ["القاهرة"]
    },
    {
	        "type": "ماهي عاصمة روسيا",
        "answers": ["موسكو"]
    },
    {
	        "type": "ماهي عاصمة السويد",
        "answers": ["ستوكهولم"]
    },
    {
	        "type": "ماهي عاصمة تركيا",
        "answers": ["أنقرة"]
    },
    {
	        "type": "ماهي عاصمة البحرين",
        "answers": ["المنامة"]
    },
    {
	        "type": "ماهي عاصمة الصومال",
        "answers": ["مقديشو"]
    },
    {
	        "type": "ماهي عاصمة اليمن",
        "answers": ["صنعاء"]
    },
    {
	        "type": "ماهي عاصمة العراق",
        "answers": ["بغداد"]
    },
    {
	        "type": "ماهي عاصمة الاردن",
        "answers": ["عمان"]
    },
    {
	        "type": "ماهي عاصمة سوريا",
        "answers": ["دمشق"]
    },
    {
	        "type": "ماهي عاصمة لبنان",
        "answers": ["بيروت"]
    },
    {
	        "type": "ماهي عاصمة ليبيا",
        "answers": ["طرابلس"]
    },
    {
	        "type": "ماهي عاصمة ليبيريا",
        "answers": ["مونروفيا"]
    },
    {
	        "type": "ماهي عاصمة كندا",
        "answers": ["أوتاوا"]
    },
    {
	        "type": "ماهي عاصمة ألمانيا",
        "answers": ["برلين"]
    },
    {
	        "type": "ماهي عاصمة افغانستان",
        "answers": ["كابول"]
    },
    {
	        "type": "ماهي عاصمة الجزائر",
        "answers": ["الجزائر"]
    },
    {
	        "type": "ماهي عاصمة البنان",
        "answers": ["بيروت"]
    },
    {
	        "type": "ماهي عاصمة النمسا",
        "answers": ["فيينا"]
    },
    {
	        "type": "ماهي عاصمة البرازيل",
        "answers": ["برازيليا"]
    },
    {
	        "type": "ماهي عاصمة الصين",
        "answers": ["بكين"]
    },
    {
	        "type": "ماهي عاصمة جزرالُقمـــر",
        "answers": ["مورونى"]
    },
    {
	        "type": "ماهي عاصمة كوبا",
        "answers": ["هافانا"]
    },
    {
	        "type": "ماهي عاصمة قبرص",
        "answers": ["نيقوسيا"]
    },
    {
	        "type": "ماهي عاصمة اثيوبيا",
        "answers": ["اديسابابا"]
    },
    {
	        "type": "ماهي عاصمة فرنسا",
        "answers": ["باريس"]
    },
    {
	        "type": "ماهي عاصمة ايسلندا",
        "answers": ["ريكيافيك"]
    },
    {
	        "type": "ماهي عاصمة ايران",
        "answers": ["طهران"]
    },
    {
	        "type": "ماهي عاصمة اسرائيل",
        "answers": ["لا يوجد لها عاصمة"]
    },
    {	 
		        "type": "ماهي عاصمة اليونان",
        "answers": ["أثينا"]
    },
    {

	
	
	
    }
]
