[
    {
	
        "type": "فكك مرتضى",
        "answers": ["م ر ت ض ى"]
    },
    {
	        "type": "فكك اتش بي",
        "answers": ["ا ت ش ب ي"]
    },
    {
	        "type": "فكك فكك اللهم صلي على سيدنا محمد",
        "answers": ["ا ل ل ه م ص ل ي ع ل ى س ي د ن ا م ح م د"]
    },
    {
	        "type": "فكك سمك في كيس طازج",
        "answers": ["س م ك ف ي ك ي س ط ا ز ج"]
    },
    {
	        "type": "فكك الارانب المشاغبة",
        "answers": ["ا ل ا ر ا ن ب ا ل م ش ا غ ب ة"]
    },
    {
	        "type": "فكك طاخ طيخ سيرفر اتش بي  مطانيخ",
        "answers": ["ط ا خ ط ي خ س ي ر ف ر ا ت ش ب ي م ط ا ن ي خ"]
    },
    {
	        "type": "فكك الرياضيات صعبه",
        "answers": ["ا ل ر ي ا ض ي ا ت ص ع ب ه"]
    },
    {
	        "type": "فكك الكبير وصل يا رجاله",
        "answers": ["ا ل ك ب ي ر و ص ل ي ا ر ج ا ل ه"]
    },
    {

	        "type": "فكك الحب سارة",
        "answers": ["ا ل ح ب س ا ر ة"]
    },
    {
	        "type": "فكك الوضع ريلاكس",
        "answers": ["ا ل و ض ع ر ي ل ا ك س"]
    },
    {
	        "type": "فكك خليجنا واحد",
        "answers": ["خ ل ي ج ن ا و ا ح د"]
    },
    {
	        "type": "فكك دولة الشام",
        "answers": ["د و ل ة ا ل ش ا م"]
    },
    {
	        "type": "فكك مطنوخ",
        "answers": ["م ط ن و خ"]
    },
    {
	        "type": "فكك موها يحب مرتضى",
        "answers": ["م و ه ا ي ح ب م ر ت ض ى"]
    },
    {
	        "type": "فكك العرب أمة واحدة",
        "answers": ["ا ل ع ر ب أ م ة و ا ح د ة"]
    },
    {
	        "type": "فكك سوريا",
        "answers": ["س و ر ي ا"]
    },
    {
	        "type": "فكك وأن لم تجد لك حاقدا فأعلم انك انسان فاشل",
        "answers": ["و أ ن ل م ت ج د ل ك ح ا ق د ا ف أ ع ل م ا ن ك ا ن س ا ن ف ا ش ل"]
    },
    {
	        "type": "فكك بلدي الحبيبة",
        "answers": ["ب ل د ي ا ل ح ب ي ب ة"]
    },
    {
	        "type": "فكك مولع خيوووو",
        "answers": ["م و ل ع خ ي و و و و"]
    },
    {
	        "type": "فكك بلاستيشن",
        "answers": ["ب ل ا س ت ي ش ن"]
    },
    {
	        "type": "فكك قاحطون",
        "answers": ["ق ا ح ط و ن"]
    },
    {
		        "type": "فكك أي لاف يو",
        "answers": ["أ ي ل ا ف ي و"]
    },
    {
        "type": "فكك المملكة",
        "answers": ["ا ل م م ل ك ة"]
    },
    {
        "type": "فكك المدرسة زفت",
        "answers": ["ا ل م د ر س ة ز ف ت"]
    },
    {
        "type": "فكك كلمة السر",
        "answers": ["ك ل م ة ا ل س ر"]
    },
    {
        "type": "فكك اسرائيل ليس لها عاصمة",
        "answers": ["ا س ر ا ئ ي ل ل ي س ل ه ا ع ا ص م ة"]
    },
    {
        "type": "فكك hp clan",
        "answers": ["h p c l a n"]
    },
    {
        "type": "فكك كتاب",
        "answers": ["ك ت ا ب"]
    },
    {
        "type": "فكك مدرسة",
        "answers": ["فم د ر س ة"]
    },
    {
        "type": "فكك والله يكعدت اضحك",
        "answers": ["و ا ل ل ه ي ك ع د ت ا ض ح ك"]
    },
    {
        "type": "فكك هافانا",
        "answers": ["ه ا ف ا ن ا"]
    },
    {
        "type": "فكك فلسطين",
        "answers": ["ف ل س ط ي ن"]
    },
    {
        "type": "فكك الخليج",
        "answers": ["ا ل خ ل ي ج"]
    },
    {
        "type": "فكك طاولة",
        "answers": ["ط ا و ل ة"]
    },
    {
        "type": "فكك جغرافيا",
        "answers": ["ج غ ر ا ف ي ا"]
    },
    {
        "type": "فكك داركنس",
        "answers": ["د ا ر ك ن س"]
    },
    {
        "type": "فكك غمدون اطلق شخص",
        "answers": ["غ م د و ن ا ل ق ش خ ص"]
    },
    {
        "type": "فكك موها اطلق شخص",
        "answers": ["م و ه ا ا ط ل ق ش خ ص"]
    },
    {
        "type": "فكك مرتضى اطلق شخص",
        "answers": ["م ر ت ض ى ا ط ل ق ش خ ص"]
    },
    {
        "type": "فكك شارك اطلق شخص",
        "answers": ["ش ا ر ك ا ط ل ق ش خ ص"]
    },
    {
        "type": "فكك البوس اطلق شخص",
        "answers": ["ا ل ب و س ا ط ل ق ش خ ص"]
    },
    {	
        "type": "فكك نيد اطلق شخص",
        "answers": ["ن ي د ا ط ل ق ش خ ص"]
    },
    {	
        "type": "فكك انكلك الريشه",
        "answers": ["ا ن ك ل ك ا ل ر ي ش ه"]
    },
    {		
        "type": "فكك سن أيري",
        "answers": ["س ن أ ي ر ي"]
    },
    {	

    }
]
